{"name":"259d8858-fef1-4f92-abab-c25fd27b27fe","id":"/providers/Microsoft.Flow/flows/259d8858-fef1-4f92-abab-c25fd27b27fe","type":"Microsoft.Flow/flows","properties":{"apiId":"/providers/Microsoft.PowerApps/apis/shared_logicflows","displayName":"ZendeskDeleteUserHttp","definition":{"metadata":{"workflowEntityId":null,"processAdvisorMetadata":null,"flowChargedByPaygo":null,"flowclientsuspensionreason":"None","flowclientsuspensiontime":null,"flowclientsuspensionreasondetails":null,"creator":{"id":"6be20863-8f79-475c-9287-6287c47233c1","type":"User","tenantId":"a4264b0f-3a4f-43ad-944e-1de64bb4b78f"},"provisioningMethod":"FromDefinition","failureAlertSubscription":true,"clientLastModifiedTime":"2024-06-14T13:30:44.1314478Z","connectionKeySavedTimeKey":"2024-06-14T13:30:44.1314478Z"},"$schema":"https://schema.management.azure.com/providers/Microsoft.Logic/schemas/2016-06-01/workflowdefinition.json#","contentVersion":"1.0.0.0","parameters":{"$authentication":{"defaultValue":{},"type":"SecureObject"},"$connections":{"defaultValue":{},"type":"Object"}},"triggers":{"manual":{"metadata":{},"type":"Request","kind":"Http","inputs":{"triggerAuthenticationType":"All"}}},"actions":{"Initialize_variable":{"runAfter":{},"type":"InitializeVariable","inputs":{"variables":[{"name":"FailedRecordId","type":"array"}]}},"List_rows":{"runAfter":{"Initialize_variable":["Succeeded"]},"type":"OpenApiConnection","inputs":{"parameters":{"entityName":"contacts","$select":"contactid","$filter":"crbb7_msdyn_source_crm_id eq '@{triggerBody()?['detail']?['id']}' ","$top":1},"host":{"apiId":"/providers/Microsoft.PowerApps/apis/shared_commondataserviceforapps","connectionName":"shared_commondataserviceforapps-1","operationId":"ListRecords"},"authentication":"@parameters('$authentication')"}},"Condition":{"actions":{"Apply_to_each":{"foreach":"@outputs('List_rows')?['body/value']","actions":{"Delete_a_row":{"type":"OpenApiConnection","inputs":{"parameters":{"entityName":"contacts","recordId":"@items('Apply_to_each')?['contactid']"},"host":{"apiId":"/providers/Microsoft.PowerApps/apis/shared_commondataserviceforapps","connectionName":"shared_commondataserviceforapps-1","operationId":"DeleteRecord"},"authentication":"@parameters('$authentication')"}}},"type":"Foreach"}},"runAfter":{"List_rows":["Succeeded"]},"else":{"actions":{"Append_to_array_variable":{"type":"AppendToArrayVariable","inputs":{"name":"FailedRecordId","value":"@triggerBody()?['id']"}}}},"expression":{"and":[{"greater":["@length(outputs('List_rows')?['body/value'])",0]}]},"type":"If"}},"outputs":{}},"connectionReferences":{"shared_commondataserviceforapps-1":{"connectionName":"3cf7c46807334094bfd31f238bd81af1","source":"Embedded","id":"/providers/Microsoft.PowerApps/apis/shared_commondataserviceforapps","tier":"NotSpecified"}},"flowFailureAlertSubscribed":false,"isManaged":false}}