{"name":"1909cb0c-5820-43d0-b94a-04bbc163ec17","id":"/providers/Microsoft.Flow/flows/1909cb0c-5820-43d0-b94a-04bbc163ec17","type":"Microsoft.Flow/flows","properties":{"apiId":"/providers/Microsoft.PowerApps/apis/shared_logicflows","displayName":"SNCreateTriggerContactShare","definition":{"metadata":{"workflowEntityId":null,"processAdvisorMetadata":null,"flowChargedByPaygo":null,"flowclientsuspensionreason":"None","flowclientsuspensiontime":null,"flowclientsuspensionreasondetails":null,"creator":{"id":"6be20863-8f79-475c-9287-6287c47233c1","type":"User","tenantId":"a4264b0f-3a4f-43ad-944e-1de64bb4b78f","userPrincipalName":"globaladmin@CrmPerfBaseProd.onmicrosoft.com"},"provisioningMethod":"FromDefinition","failureAlertSubscription":true,"clientLastModifiedTime":"2024-06-11T12:50:37.8482809Z","connectionKeySavedTimeKey":"2024-06-11T12:50:37.8482809Z"},"$schema":"https://schema.management.azure.com/providers/Microsoft.Logic/schemas/2016-06-01/workflowdefinition.json#","contentVersion":"1.0.0.0","parameters":{"$authentication":{"defaultValue":{},"type":"SecureObject"},"$connections":{"defaultValue":{},"type":"Object"}},"triggers":{"manual":{"metadata":{"operationMetadataId":"fe0cf9df-9be6-4daa-8e4e-adf45fd8f9d8"},"type":"Request","kind":"Http","inputs":{"schema":{"type":"object","properties":{"first_name":{"type":["string","null"]},"last_name":{"type":["string","null"]},"email":{"type":["string","null"]},"mobile_phone":{"type":["string","null"]},"phone":{"type":["string","null"]},"account":{"type":["string","null"]},"sys_created_on":{"type":"string"},"u_base_url":{"type":"string"},"sys_id":{"type":"string"}}},"triggerAuthenticationType":"All"}}},"actions":{"List_rows":{"runAfter":{},"metadata":{"operationMetadataId":"26119b4e-6af5-47b4-8796-dbab5d382c98"},"type":"OpenApiConnection","inputs":{"parameters":{"entityName":"accounts","$select":"accountid","$filter":"crf3d_msdyn_source_crm_id eq '@{triggerBody()?['account']}' and (crf3d_msdyn_source_crm eq 'ServiceNow')","$top":1},"host":{"apiId":"/providers/Microsoft.PowerApps/apis/shared_commondataserviceforapps","connectionName":"shared_commondataserviceforapps-1","operationId":"ListRecords"},"authentication":"@parameters('$authentication')"}},"Condition":{"actions":{"For_each":{"foreach":"@outputs('List_rows')?['body/value']","actions":{"Add_a_new_row":{"metadata":{"operationMetadataId":"c633e7c6-8d05-442b-90d1-c8425645dd3b"},"type":"OpenApiConnection","inputs":{"parameters":{"entityName":"contacts","item/lastname":"@{triggerBody()?['last_name']}","item/telephone1":"@{triggerBody()?['phone']}","item/parentcustomerid_account@odata.bind":"@items('For_each')?['@odata.id']","item/emailaddress1":"@{triggerBody()?['email']}","item/firstname":"@{triggerBody()?['first_name']}","item/mobilephone":"@{triggerBody()?['mobile_phone']}","item/contactid":"@{triggerBody()?['sys_id']}","item/crf3d_createddate":"@{triggerBody()?['sys_created_on']}","item/crf3d_msdyn_source_crm":"ServiceNow","item/crf3d_msdyn_source_crm_id":"@{triggerBody()?['sys_id']}","item/crf3d_msdyn_source_crm_url":"@{concat('https://',triggerBody()?['u_base_url'],'.service-now.com/now/cwf/agent/record/customer_contact/',triggerBody()?['sys_id'])}"},"host":{"apiId":"/providers/Microsoft.PowerApps/apis/shared_commondataserviceforapps","connectionName":"shared_commondataserviceforapps-1","operationId":"CreateRecord"},"authentication":"@parameters('$authentication')"}}},"metadata":{"operationMetadataId":"2e9b562b-f63b-4ca3-a325-f8944bf1ed4d"},"type":"Foreach"}},"runAfter":{"List_rows":["Succeeded"]},"else":{"actions":{}},"expression":{"and":[{"greater":["@length(outputs('List_rows')?['body/value'])",0]}]},"metadata":{"operationMetadataId":"d3e064eb-6364-4ca5-a8a9-eb03b48ce39e"},"type":"If"}},"outputs":{}},"connectionReferences":{"shared_commondataserviceforapps-1":{"connectionName":"733dda281d944806b0892d96fb621cee","source":"Embedded","id":"/providers/Microsoft.PowerApps/apis/shared_commondataserviceforapps","tier":"NotSpecified"}},"flowFailureAlertSubscribed":false,"isManaged":false}}