{"name":"7f2f3e2b-584f-4ad0-979d-53636ad9b4b1","id":"/providers/Microsoft.Flow/flows/7f2f3e2b-584f-4ad0-979d-53636ad9b4b1","type":"Microsoft.Flow/flows","properties":{"apiId":"/providers/Microsoft.PowerApps/apis/shared_logicflows","displayName":"SNToDVAccountContactInitialFlowShare","definition":{"metadata":{"workflowEntityId":null,"processAdvisorMetadata":null,"flowChargedByPaygo":null,"flowclientsuspensionreason":"None","flowclientsuspensiontime":null,"flowclientsuspensionreasondetails":null,"creator":{"id":"6be20863-8f79-475c-9287-6287c47233c1","type":"User","tenantId":"a4264b0f-3a4f-43ad-944e-1de64bb4b78f","userPrincipalName":"globaladmin@CrmPerfBaseProd.onmicrosoft.com"},"provisioningMethod":"FromDefinition","failureAlertSubscription":true,"clientLastModifiedTime":"2024-06-24T11:43:06.4475889Z","connectionKeySavedTimeKey":"2024-06-24T11:43:06.4475889Z"},"$schema":"https://schema.management.azure.com/providers/Microsoft.Logic/schemas/2016-06-01/workflowdefinition.json#","contentVersion":"undefined","parameters":{"$authentication":{"defaultValue":{},"type":"SecureObject"},"$connections":{"defaultValue":{},"type":"Object"}},"triggers":{"manual":{"metadata":{"operationMetadataId":"c2f634a6-cd29-43e4-af06-dc49577642b5"},"type":"Request","kind":"Button","inputs":{"schema":{"type":"object","properties":{},"required":[]}}}},"actions":{"List_rows_of_DV_account":{"runAfter":{"Initialize_variable":["Succeeded"]},"metadata":{"operationMetadataId":"f007daac-ad45-4859-9cc4-92e4bf89eea9"},"type":"OpenApiConnection","inputs":{"parameters":{"entityName":"accounts","$filter":"msdyn_source_crm eq 2","$orderby":"adx_createdbyusername desc","$top":1},"host":{"apiId":"/providers/Microsoft.PowerApps/apis/shared_commondataserviceforapps","connectionName":"shared_commondataserviceforapps-1","operationId":"ListRecords"},"authentication":"@parameters('$authentication')"}},"Condition":{"actions":{"List_Records":{"metadata":{"operationMetadataId":"915f1339-e497-47ea-87c0-ece2d048686e"},"type":"OpenApiConnection","inputs":{"parameters":{"tableType":"customer_account","sysparm_display_value":false,"sysparm_exclude_reference_link":true,"sysparm_query":"ORDERBYsys_created_on","sysparm_limit":1000},"host":{"apiId":"/providers/Microsoft.PowerApps/apis/shared_service-now","connectionName":"shared_service-now","operationId":"GetRecords"},"authentication":{"value":"@json(decodeBase64(triggerOutputs().headers['X-MS-APIM-Tokens']))['$ConnectionKey']","type":"Raw"}}},"Condition_1":{"actions":{"For_each":{"foreach":"@outputs('List_Records')?['body/result']","actions":{"Add_a_new_row":{"metadata":{"operationMetadataId":"1c7173a2-3fc2-4511-96c1-aa3b4f8374af"},"type":"OpenApiConnection","inputs":{"parameters":{"entityName":"accounts","item/name":"@items('For_each')?['name']","item/address1_city":"@items('For_each')?['city']","item/address1_postalcode":"@items('For_each')?['zip']","item/telephone1":"@{items('For_each')?['phone']}","item/accountid":"@{items('For_each')?['sys_id']}","item/adx_createdbyusername":"@{items('For_each')?['sys_created_on']}","item/msdyn_source_crm":2,"item/msdyn_source_crm_id":"@{items('For_each')?['sys_id']}","item/msdyn_source_crm_url":"@{concat('https://',items('For_each')?['u_base_url'],'.service-now.com/now/cwf/agent/record/customer_account/',items('For_each')?['sys_id'])}"},"host":{"apiId":"/providers/Microsoft.PowerApps/apis/shared_commondataserviceforapps","connectionName":"shared_commondataserviceforapps-1","operationId":"CreateRecord"},"authentication":"@parameters('$authentication')"}},"List_Records_3":{"runAfter":{"Add_a_new_row":["Succeeded"]},"metadata":{"operationMetadataId":"f7bcfffa-7383-49bc-897c-03a63a8941b3"},"type":"OpenApiConnection","inputs":{"parameters":{"tableType":"customer_contact","sysparm_display_value":false,"sysparm_exclude_reference_link":true,"sysparm_query":"account=@{items('For_each')?['sys_id']}^ORDERBYsys_created_on","sysparm_limit":1000},"host":{"apiId":"/providers/Microsoft.PowerApps/apis/shared_service-now","connectionName":"shared_service-now","operationId":"GetRecords"},"authentication":{"value":"@json(decodeBase64(triggerOutputs().headers['X-MS-APIM-Tokens']))['$ConnectionKey']","type":"Raw"}}},"Parse_JSON_3":{"runAfter":{"List_Records_3":["Succeeded"]},"metadata":{"operationMetadataId":"391c5e76-fe37-414e-95db-2616639a923b"},"type":"ParseJson","inputs":{"content":"@outputs('List_Records_3')?['body/result']","schema":{"type":"array","items":{"type":"object","properties":{"first_name":{"type":["string","null"]},"last_name":{"type":["string","null"]},"email":{"type":["string","null"]},"mobile_phone":{"type":["string","null"]},"phone":{"type":["string","null"]},"account":{"type":["string","null"]},"sys_created_on":{"type":"string"},"u_base_url":{"type":"string"},"sys_id":{"type":"string"}},"required":["sys_id","first_name","last_name","email","mobile_phone","phone","account","sys_created_on","u_base_url"]}}}},"Condition_6":{"actions":{"For_each_4":{"foreach":"@outputs('List_Records_3')?['body/result']","actions":{"Add_a_new_row_3":{"metadata":{"operationMetadataId":"3e60b063-0818-42fd-b9e2-62c11cb29c64"},"type":"OpenApiConnection","inputs":{"parameters":{"entityName":"contacts","item/lastname":"@{items('For_each_4')?['last_name']}","item/telephone1":"@{items('For_each_4')?['phone']}","item/parentcustomerid_account@odata.bind":"@body('Add_a_new_row')?['@odata.id']","item/emailaddress1":"@{items('For_each_4')?['email']}","item/mobilephone":"@{items('For_each_4')?['mobile_phone']}","item/contactid":"@{items('For_each_4')?['sys_id']}","item/adx_createdbyusername":"@{items('For_each_4')?['sys_created_on']}","item/msdyn_source_crm":2,"item/msdyn_source_crm_id":"@{items('For_each_4')?['sys_id']}","item/msdyn_source_crm_url":"@{concat('https://',items('For_each_4')?['u_base_url'],'.service-now.com/now/cwf/agent/record/customer_contact/',items('For_each_4')?['sys_id'])}"},"host":{"apiId":"/providers/Microsoft.PowerApps/apis/shared_commondataserviceforapps","connectionName":"shared_commondataserviceforapps-1","operationId":"CreateRecord"},"authentication":"@parameters('$authentication')"}}},"metadata":{"operationMetadataId":"cfacd617-bb0e-44e4-bc40-7bd6b93ce84a"},"type":"Foreach","runtimeConfiguration":{"concurrency":{"repetitions":50}}},"Set_variable_8":{"runAfter":{"For_each_4":["Succeeded"]},"metadata":{"operationMetadataId":"bb48bdfd-18fe-4197-84c7-68600a4a380b"},"type":"SetVariable","inputs":{"name":"CreatedDateContact","value":"@{last(body('Parse_JSON_3'))?['sys_created_on']}"}}},"runAfter":{"Increment_Contact_Total_Record_Count_Variable_":["Succeeded"]},"else":{"actions":{"Set_Contact_Loop_Variable":{"metadata":{"operationMetadataId":"a7249fc2-fbde-45af-b572-fa2220a750f4"},"type":"SetVariable","inputs":{"name":"pageSizeContact","value":0}}}},"expression":{"and":[{"greater":["@length(outputs('List_Records_3')?['body/result'])",0]}]},"metadata":{"operationMetadataId":"71438f57-7eb7-4ef4-9334-da938883f6ef"},"type":"If"},"Do_until_1":{"actions":{"List_Records_6":{"metadata":{"operationMetadataId":"11427d2d-ad40-46bc-895d-00e98bbfd500"},"type":"OpenApiConnection","inputs":{"parameters":{"tableType":"customer_contact","sysparm_display_value":false,"sysparm_exclude_reference_link":true,"sysparm_query":"sys_created_on>=@{variables('CreatedDateContact')}^account=@{items('For_each')?['sys_id']}^ORDERBYsys_created_on","sysparm_limit":1000},"host":{"apiId":"/providers/Microsoft.PowerApps/apis/shared_service-now","connectionName":"shared_service-now","operationId":"GetRecords"},"authentication":{"value":"@json(decodeBase64(triggerOutputs().headers['X-MS-APIM-Tokens']))['$ConnectionKey']","type":"Raw"}}},"Parse_JSON_6":{"runAfter":{"List_Records_6":["Succeeded"]},"metadata":{"operationMetadataId":"8f860a14-4624-49d4-a34b-839b0b67ac04"},"type":"ParseJson","inputs":{"content":"@outputs('List_Records_6')?['body/result']","schema":{"type":"array","items":{"type":"object","properties":{"first_name":{"type":["string","null"]},"last_name":{"type":["string","null"]},"email":{"type":["string","null"]},"mobile_phone":{"type":["string","null"]},"phone":{"type":["string","null"]},"account":{"type":["string","null"]},"sys_created_on":{"type":"string"},"u_base_url":{"type":"string"},"sys_id":{"type":"string"}},"required":["sys_id","first_name","last_name","email","mobile_phone","phone","account","sys_created_on","u_base_url"]}}}},"Condition_9":{"actions":{"For_each_7":{"foreach":"@outputs('List_Records_6')?['body/result']","actions":{"Add_a_new_row_6":{"metadata":{"operationMetadataId":"642636f2-39ca-4e86-95c0-97e5c485dfb4"},"type":"OpenApiConnection","inputs":{"parameters":{"entityName":"contacts","item/lastname":"@items('For_each_7')?['last_name']","item/telephone1":"@{items('For_each_7')?['phone']}","item/parentcustomerid_account@odata.bind":"@body('Add_a_new_row')?['@odata.id']","item/emailaddress1":"@{items('For_each_7')?['email']}","item/mobilephone":"@{items('For_each_7')?['mobile_phone']}","item/contactid":"@{items('For_each_7')?['sys_id']}","item/adx_createdbyusername":"@{items('For_each_7')?['sys_created_on']}","item/msdyn_source_crm":2,"item/msdyn_source_crm_id":"@{items('For_each_7')?['sys_id']}","item/msdyn_source_crm_url":"@{concat('https://',items('For_each_7')?['u_base_url'],'.service-now.com/now/cwf/agent/record/customer_contact/',items('For_each_7')?['sys_id'])}"},"host":{"apiId":"/providers/Microsoft.PowerApps/apis/shared_commondataserviceforapps","connectionName":"shared_commondataserviceforapps-1","operationId":"CreateRecord"},"authentication":"@parameters('$authentication')"}},"Increment_Contact_Failure_Record_Variable_":{"runAfter":{"Add_a_new_row_6":["Failed"]},"metadata":{"operationMetadataId":"c0880bc4-aff5-4eb8-864c-5b0331a08bf3"},"type":"IncrementVariable","inputs":{"name":"FailureRecordCountContact","value":1}}},"metadata":{"operationMetadataId":"bba2558e-d417-4078-b09c-c1931ecf9a0c"},"type":"Foreach"},"Set_Contact_Last_Created_Date_Variable_2":{"runAfter":{"Decrement_variable":["Succeeded"]},"metadata":{"operationMetadataId":"d3762ff6-ce23-45fa-84eb-426868d44cfc"},"type":"SetVariable","inputs":{"name":"CreatedDateContact","value":"@{string(last(body('Parse_JSON_6'))?['sys_created_on'])}"}},"Decrement_variable":{"runAfter":{"For_each_7":["Succeeded"]},"metadata":{"operationMetadataId":"cc6e3f04-6ec1-4420-ada5-b4d93ad5ee93"},"type":"DecrementVariable","inputs":{"name":"TotalRecordCountContact","value":"@variables('FailureRecordCountContact')"}}},"runAfter":{"Increment_Contact_Total_Record_Count_Variable_2":["Succeeded"]},"else":{"actions":{"Set_Contact_Loop_Variable_2":{"metadata":{"operationMetadataId":"0e98f26d-a9d7-42e4-a13f-c94b101f4bc1"},"type":"SetVariable","inputs":{"name":"pageSizeContact","value":0}}}},"expression":{"and":[{"greater":["@length(outputs('List_Records_6')?['body/result'])",0]}]},"metadata":{"operationMetadataId":"8f2c98f4-0ba0-4ace-b375-f7af1cd7fa0c"},"type":"If"},"Set_Record_Count_Contact_Variable":{"runAfter":{"Increment_variable_2":["Succeeded"]},"metadata":{"operationMetadataId":"a8df3749-a420-40a9-b0b6-17ede29f6d1a"},"type":"SetVariable","inputs":{"name":"RecordCountContact","value":"@length(outputs('List_Records_6')?['body/result'])"}},"Condition_12":{"actions":{"Reset_Contact_Loop_Variable_":{"metadata":{"operationMetadataId":"b94b5e18-e257-4d25-9766-4063948b9a31"},"type":"SetVariable","inputs":{"name":"pageSizeContact","value":0}},"Reset_Failure_Record_Count_Contact_variable_":{"runAfter":{"Reset_Contact_Loop_Variable_":["Succeeded"]},"metadata":{"operationMetadataId":"8b1a19be-be0a-4e64-8562-b851e3f66c8c"},"type":"SetVariable","inputs":{"name":"FailureRecordCountContact","value":0}},"Reset_Record_Count_Contact_Variable_":{"runAfter":{"Reset_Failure_Record_Count_Contact_variable_":["Succeeded"]},"metadata":{"operationMetadataId":"9c16e8ce-2b5b-4aee-bd78-599037207c38"},"type":"SetVariable","inputs":{"name":"RecordCountContact","value":0}}},"runAfter":{"Condition_9":["Succeeded"]},"else":{"actions":{"Set_variable":{"metadata":{"operationMetadataId":"0bc66b0a-d557-4e5a-9f68-0316045cb37d"},"type":"SetVariable","inputs":{"name":"FailureRecordCountContact","value":0}},"Set_variable_1":{"runAfter":{"Set_variable":["Succeeded"]},"metadata":{"operationMetadataId":"c276495e-93d2-4465-9f0e-7b4b6b0d575d"},"type":"SetVariable","inputs":{"name":"TotalRecordCountContact","value":0}}}},"expression":{"and":[{"equals":["@variables('ContactCount')","@variables('FailureRecordCountContact')"]}]},"metadata":{"operationMetadataId":"e17d4a9d-33d2-4302-a9f8-9a91b999bec9"},"type":"If"},"Increment_Contact_Total_Record_Count_Variable_2":{"runAfter":{"Set_Record_Count_Contact_Variable":["Succeeded"]},"metadata":{"operationMetadataId":"484fd3ee-6765-4b18-afd4-c096075092e5"},"type":"IncrementVariable","inputs":{"name":"TotalRecordCountContact","value":"@length(outputs('List_Records_6')?['body/result'])"}},"Increment_variable_2":{"runAfter":{"Parse_JSON_6":["Succeeded"]},"metadata":{"operationMetadataId":"da245755-ba7b-494e-8c5e-bd5ca7f55534"},"type":"IncrementVariable","inputs":{"name":"ContactCount","value":"@length(outputs('List_Records_6')?['body/result'])"}}},"runAfter":{"Condition_6":["Succeeded"]},"expression":"@equals(variables('pageSizeContact'),0)","limit":{"count":15,"timeout":"PT2H"},"metadata":{"operationMetadataId":"5ec8dfc6-4af5-4ed7-8cc1-ce97ac595f82"},"type":"Until"},"Increment_Contact_Total_Record_Count_Variable_":{"runAfter":{"Parse_JSON_3":["Succeeded"]},"metadata":{"operationMetadataId":"b5ca70be-ce46-49fe-87a4-28dc03f94ca5"},"type":"IncrementVariable","inputs":{"name":"TotalRecordCountContact","value":"@length(outputs('List_Records_3')?['body/result'])"}}},"metadata":{"operationMetadataId":"201dbb87-85ef-40d0-83c9-2f85ef1cd3ef"},"type":"Foreach","runtimeConfiguration":{"concurrency":{"repetitions":50}}},"Set_variable_9":{"runAfter":{"For_each":["Succeeded"]},"metadata":{"operationMetadataId":"94dd6a2b-9386-4105-831e-50aa87a679df"},"type":"SetVariable","inputs":{"name":"CreatedDate","value":"@{string(last(body('Parse_JSON'))?['sys_created_on'])}"}}},"runAfter":{"Increment_Account_Total_Record_Count_Variable_":["Succeeded"]},"else":{"actions":{"Set_Account_Loop_Variable":{"metadata":{"operationMetadataId":"13049fab-9309-4f12-b76a-7351a13b5a9a"},"type":"SetVariable","inputs":{"name":"pageSize","value":0}}}},"expression":{"and":[{"greater":["@length(outputs('List_Records')?['body/result'])",0]}]},"metadata":{"operationMetadataId":"0c868ddf-22ea-41f5-ad6d-fb914d227c0f"},"type":"If"},"Parse_JSON":{"runAfter":{"List_Records":["Succeeded"]},"metadata":{"operationMetadataId":"4fbf5c0f-01a1-4aa2-b4c7-d5ddf49a1e22"},"type":"ParseJson","inputs":{"content":"@outputs('List_Records')?['body/result']","schema":{"type":"array","items":{"type":"object","properties":{"name":{"type":"string"},"number":{"type":["string","null"]},"city":{"type":["string","null"]},"phone":{"type":["string","null"]},"zip":{"type":["string","null"]},"sys_created_on":{"type":"string"},"u_base_url":{"type":"string"},"sys_id":{"type":"string"}},"required":["sys_id","name","number","city","phone","zip","sys_created_on","u_base_url"]}}}},"Increment_Account_Total_Record_Count_Variable_":{"runAfter":{"Parse_JSON":["Succeeded"]},"metadata":{"operationMetadataId":"0fb05e83-f4dc-4feb-9df4-efe1747f2b70"},"type":"IncrementVariable","inputs":{"name":"TotalRecordCountAccount","value":"@length(outputs('List_Records')?['body/result'])"}}},"runAfter":{"List_rows_of_DV_account":["Succeeded"]},"else":{"actions":{"List_Records_2":{"runAfter":{"For_each_3":["Succeeded"]},"metadata":{"operationMetadataId":"54e42666-a659-48cf-8226-6157ce5a01b2"},"type":"OpenApiConnection","inputs":{"parameters":{"tableType":"customer_account","sysparm_display_value":false,"sysparm_exclude_reference_link":true,"sysparm_query":"ORDERBYsys_created_on^sys_created_on>=@{variables('CreatedDate')}","sysparm_limit":1000},"host":{"apiId":"/providers/Microsoft.PowerApps/apis/shared_service-now","connectionName":"shared_service-now","operationId":"GetRecords"},"authentication":{"value":"@json(decodeBase64(triggerOutputs().headers['X-MS-APIM-Tokens']))['$ConnectionKey']","type":"Raw"}}},"Condition_3":{"actions":{"For_each_2":{"foreach":"@outputs('List_Records_2')?['body/result']","actions":{"Add_a_new_row_2":{"metadata":{"operationMetadataId":"fb74e419-0ca2-49c6-a1d9-f501a12b1c0c"},"type":"OpenApiConnection","inputs":{"parameters":{"entityName":"accounts","item/name":"@items('For_each_2')?['name']","item/address1_city":"@items('For_each_2')?['city']","item/address1_postalcode":"@items('For_each_2')?['zip']","item/telephone1":"@items('For_each_2')?['phone']","item/accountid":"@items('For_each_2')?['sys_id']","item/adx_createdbyusername":"@{items('For_each_2')?['sys_created_on']}","item/msdyn_source_crm":2,"item/msdyn_source_crm_id":"@{items('For_each_2')?['sys_id']}","item/msdyn_source_crm_url":"@{concat('https://',items('For_each_2')?['u_base_url'],'.service-now.com/now/cwf/agent/record/customer_account/',items('For_each_2')?['sys_id'])}"},"host":{"apiId":"/providers/Microsoft.PowerApps/apis/shared_commondataserviceforapps","connectionName":"shared_commondataserviceforapps-1","operationId":"CreateRecord"},"authentication":"@parameters('$authentication')"}},"List_Records_5":{"runAfter":{"Add_a_new_row_2":["Succeeded"]},"metadata":{"operationMetadataId":"91cbdbe7-efc4-4a58-9cd7-ef87ae968bb6"},"type":"OpenApiConnection","inputs":{"parameters":{"tableType":"customer_contact","sysparm_display_value":false,"sysparm_exclude_reference_link":true,"sysparm_query":"ORDERBYsys_created_on^account=@{items('For_each_2')?['sys_id']}"},"host":{"apiId":"/providers/Microsoft.PowerApps/apis/shared_service-now","connectionName":"shared_service-now","operationId":"GetRecords"},"authentication":{"value":"@json(decodeBase64(triggerOutputs().headers['X-MS-APIM-Tokens']))['$ConnectionKey']","type":"Raw"}}},"Parse_JSON_5":{"runAfter":{"List_Records_5":["Succeeded"]},"metadata":{"operationMetadataId":"ec983bd1-bf4c-4876-a2dc-8717a2b19c40"},"type":"ParseJson","inputs":{"content":"@outputs('List_Records_5')?['body/result']","schema":{"type":"array","items":{"type":"object","properties":{"first_name":{"type":["string","null"]},"last_name":{"type":["string","null"]},"email":{"type":["string","null"]},"mobile_phone":{"type":["string","null"]},"phone":{"type":["string","null"]},"account":{"type":["string","null"]},"sys_created_on":{"type":"string"},"u_base_url":{"type":"string"},"sys_id":{"type":"string"}},"required":["sys_id","first_name","last_name","email","mobile_phone","phone","account","sys_created_on","u_base_url"]}}}},"Condition_8":{"actions":{"For_each_6":{"foreach":"@outputs('List_Records_5')?['body/result']","actions":{"Add_a_new_row_5":{"metadata":{"operationMetadataId":"72ca466a-8741-4e81-8985-1cedace1ce6c"},"type":"OpenApiConnection","inputs":{"parameters":{"entityName":"contacts","item/lastname":"@items('For_each_6')?['last_name']","item/telephone1":"@{items('For_each_6')?['phone']}","item/parentcustomerid_account@odata.bind":"@body('Add_a_new_row_2')?['@odata.id']","item/emailaddress1":"@{items('For_each_6')?['email']}","item/mobilephone":"@{items('For_each_6')?['mobile_phone']}","item/contactid":"@{items('For_each_6')?['sys_id']}","item/adx_createdbyusername":"@{items('For_each_6')?['sys_created_on']}","item/msdyn_source_crm":2,"item/msdyn_source_crm_id":"@{items('For_each_6')?['sys_id']}","item/msdyn_source_crm_url":"@{concat('https://',items('For_each_6')?['u_base_url'],'.service-now.com/now/cwf/agent/record/customer_contact/',items('For_each_6')?['sys_id'])}"},"host":{"apiId":"/providers/Microsoft.PowerApps/apis/shared_commondataserviceforapps","connectionName":"shared_commondataserviceforapps-1","operationId":"CreateRecord"},"authentication":"@parameters('$authentication')"}}},"metadata":{"operationMetadataId":"76d5350f-94c7-4c87-ac31-7dc3fea9b9c8"},"type":"Foreach","runtimeConfiguration":{"concurrency":{"repetitions":50}}},"Set_Contact_Last_Created_Date_Variable_3":{"runAfter":{"For_each_6":["Succeeded"]},"metadata":{"operationMetadataId":"39fcd634-d0c8-4f16-a08b-937366fb0585"},"type":"SetVariable","inputs":{"name":"CreatedDateContact","value":"@{last(body('Parse_JSON_5'))?['sys_created_on']}"}}},"runAfter":{"Parse_JSON_5":["Succeeded"]},"else":{"actions":{"Set_Contact_Loop_Variable_3":{"metadata":{"operationMetadataId":"d98cf095-8a76-4d27-9c23-6286d2560d69"},"type":"SetVariable","inputs":{"name":"pageSizeContact","value":0}}}},"expression":{"and":[{"greater":["@length(outputs('List_Records_5')?['body/result'])",0]}]},"metadata":{"operationMetadataId":"04296772-ac54-409d-b800-462ab09c0b00"},"type":"If"},"Increment_variable":{"runAfter":{"Add_a_new_row_2":["Failed"]},"metadata":{"operationMetadataId":"7b5f37a1-2b2b-41d4-8005-e4e1c673b214"},"type":"IncrementVariable","inputs":{"name":"FailureRecordCount","value":1}},"Do_until_3":{"actions":{"List_Records_8":{"metadata":{"operationMetadataId":"ceba9d90-fccb-42ba-9c4c-82a31da6313f"},"type":"OpenApiConnection","inputs":{"parameters":{"tableType":"customer_contact","sysparm_display_value":false,"sysparm_exclude_reference_link":true,"sysparm_query":"ORDERBYsys_created_on^account=@{items('For_each_2')?['id']}^sys_created_on>=@{variables('CreatedDateContact')}"},"host":{"apiId":"/providers/Microsoft.PowerApps/apis/shared_service-now","connectionName":"shared_service-now","operationId":"GetRecords"},"authentication":{"value":"@json(decodeBase64(triggerOutputs().headers['X-MS-APIM-Tokens']))['$ConnectionKey']","type":"Raw"}}},"Parse_JSON_8":{"runAfter":{"List_Records_8":["Succeeded"]},"metadata":{"operationMetadataId":"6988f70b-6356-4507-b3ad-7ef325c1882e"},"type":"ParseJson","inputs":{"content":"@outputs('List_Records_8')?['body/result']","schema":{"type":"array","items":{"type":"object","properties":{"first_name":{"type":["string","null"]},"last_name":{"type":["string","null"]},"email":{"type":["string","null"]},"mobile_phone":{"type":["string","null"]},"phone":{"type":["string","null"]},"account":{"type":["string","null"]},"sys_created_on":{"type":"string"},"u_base_url":{"type":"string"},"sys_id":{"type":"string"}},"required":["sys_id","first_name","last_name","email","mobile_phone","phone","account","sys_created_on","u_base_url"]}}}},"Condition_11":{"actions":{"For_each_9":{"foreach":"@outputs('List_Records_8')?['body/result']","actions":{"Add_a_new_row_8":{"metadata":{"operationMetadataId":"12c1e2c0-0220-466a-abf2-da1963c6b8fa"},"type":"OpenApiConnection","inputs":{"parameters":{"entityName":"contacts","item/lastname":"@items('For_each_9')?['last_name']","item/telephone1":"@{items('For_each_9')?['phone']}","item/parentcustomerid_account@odata.bind":"@body('Add_a_new_row_2')?['@odata.id']","item/emailaddress1":"@{items('For_each_9')?['email']}","item/mobilephone":"@{items('For_each_9')?['mobile_phone']}","item/contactid":"@{items('For_each_9')?['sys_id']}","item/adx_createdbyusername":"@{items('For_each_9')?['sys_created_on']}","item/msdyn_source_crm":2,"item/msdyn_source_crm_id":"@{items('For_each_9')?['sys_id']}","item/msdyn_source_crm_url":"@{concat('https://',items('For_each_9')?['u_base_url'],'.service-now.com/now/cwf/agent/record/customer_contact/',items('For_each_9')?['sys_id'])\r\n}"},"host":{"apiId":"/providers/Microsoft.PowerApps/apis/shared_commondataserviceforapps","connectionName":"shared_commondataserviceforapps-1","operationId":"CreateRecord"},"authentication":"@parameters('$authentication')"}},"Increment_Contact_Failure_Record_Count_Variable_3":{"runAfter":{"Add_a_new_row_8":["Failed"]},"metadata":{"operationMetadataId":"68533df0-0b0c-48e9-9c2f-76d27ab65e6c"},"type":"IncrementVariable","inputs":{"name":"FailureRecordCountContact","value":1}}},"metadata":{"operationMetadataId":"3ddc1022-6a2a-449e-9f6e-013b809fc452"},"type":"Foreach"},"Set_Contact_Last_Created_Date_Variable_4":{"runAfter":{"For_each_9":["Succeeded"]},"metadata":{"operationMetadataId":"a20247de-2d77-4911-bf9a-4f4eca9a8690"},"type":"SetVariable","inputs":{"name":"CreatedDateContact","value":"@{last(body('Parse_JSON_8'))?['sys_created_on']}"}}},"runAfter":{"Set_Record_Count_Contact_Variable_3":["Succeeded"]},"else":{"actions":{"Set_Contact_Loop_Variable_4":{"metadata":{"operationMetadataId":"831a1cca-db1b-4a71-9b16-cb3421107cb1"},"type":"SetVariable","inputs":{"name":"pageSizeContact","value":0}}}},"expression":{"and":[{"greater":["@length(outputs('List_Records_8')?['body/result'])",0]}]},"metadata":{"operationMetadataId":"d5d096c2-4729-450b-a1aa-872fd504f4f2"},"type":"If"},"Set_Record_Count_Contact_Variable_3":{"runAfter":{"Parse_JSON_8":["Succeeded"]},"metadata":{"operationMetadataId":"3e9b1b38-9223-4ea3-9d8d-ce59612dd1d0"},"type":"SetVariable","inputs":{"name":"RecordCountContact","value":"@length(outputs('List_Records_8')?['body/result'])"}},"Condition_14":{"actions":{"Reset_Contact_Loop_Variable_3":{"metadata":{"operationMetadataId":"009580d7-6603-433d-bcb0-8fcd072b78aa"},"type":"SetVariable","inputs":{"name":"pageSizeContact","value":0}},"Reset_Contact_Failure_Count_Variable_3":{"runAfter":{"Reset_Contact_Loop_Variable_3":["Succeeded"]},"metadata":{"operationMetadataId":"1f742d88-097e-43ee-bef2-7ff4adcdb6d9"},"type":"SetVariable","inputs":{"name":"FailureRecordCountContact","value":0}},"Reset_Contact_Record_Count_Variable_3":{"runAfter":{"Reset_Contact_Failure_Count_Variable_3":["Succeeded"]},"metadata":{"operationMetadataId":"f722e9dd-f8e4-4cd9-b3d0-7db783b26874"},"type":"SetVariable","inputs":{"name":"RecordCountContact","value":0}}},"runAfter":{"Condition_11":["Succeeded","Failed"]},"else":{"actions":{}},"expression":{"and":[{"equals":["@variables('RecordCountContact')","@variables('FailureRecordCountContact')"]}]},"metadata":{"operationMetadataId":"8d2c47c2-c371-4ccc-99e4-a2e0b485c1b8"},"type":"If"}},"runAfter":{"Condition_8":["Succeeded"]},"expression":"@equals(variables('pageSizeContact'),0)","limit":{"count":60,"timeout":"PT1H"},"metadata":{"operationMetadataId":"b8b6ee88-423c-44c4-982e-6572af9c3b43"},"type":"Until"}},"metadata":{"operationMetadataId":"0366d909-6288-4d24-b468-bd849da41380"},"type":"Foreach"},"Condition_4":{"actions":{"Set_variable_7":{"metadata":{"operationMetadataId":"698a91f6-a95b-4c1a-951f-7b57d283d92c"},"type":"SetVariable","inputs":{"name":"pageSize","value":0}},"Set_variable_11":{"runAfter":{"Set_variable_7":["Succeeded"]},"metadata":{"operationMetadataId":"af2f0c63-2d8f-461b-bf99-a1e9c768a85a"},"type":"SetVariable","inputs":{"name":"FailureRecordCount","value":0}}},"runAfter":{"For_each_2":["Succeeded","Failed"]},"else":{"actions":{}},"expression":{"and":[{"equals":["@variables('FailureRecordCount')","@variables('RecordCount')"]}]},"metadata":{"operationMetadataId":"9df4a1d4-81d3-49eb-a8bd-632d27c45b81"},"type":"If"},"Set_Account_Last_Created_Date_Variable_2":{"runAfter":{"Condition_4":["Succeeded"]},"metadata":{"operationMetadataId":"ed899746-210e-4c43-aadd-ff83508b2de8"},"type":"SetVariable","inputs":{"name":"CreatedDate","value":"@{last(body('Parse_JSON_2'))?['sys_created_on']}"}}},"runAfter":{"Set_Total_Record_Count_Variable_":["Succeeded"]},"else":{"actions":{"Set_Account_Loop_Variable_2":{"metadata":{"operationMetadataId":"1a1e0318-3019-4fe6-b6e1-9e732721d5a0"},"type":"SetVariable","inputs":{"name":"pageSize","value":0}}}},"expression":{"and":[{"greater":["@length(outputs('List_Records_2')?['body/result'])",0]}]},"metadata":{"operationMetadataId":"e1f3d92e-21ba-47b2-a975-e65bf7e49548"},"type":"If"},"Parse_JSON_2":{"runAfter":{"List_Records_2":["Succeeded"]},"metadata":{"operationMetadataId":"1af34e25-ccf9-473a-8b6c-aa30a00ad0dd"},"type":"ParseJson","inputs":{"content":"@outputs('List_Records_2')?['body/result']","schema":{"type":"array","items":{"type":"object","properties":{"name":{"type":"string"},"number":{"type":["string","null"]},"city":{"type":["string","null"]},"phone":{"type":["string","null"]},"zip":{"type":["string","null"]},"sys_created_on":{"type":"string"},"u_base_url":{"type":"string"},"sys_id":{"type":"string"}},"required":["sys_id","name","number","city","phone","zip","sys_created_on","u_base_url"]}}}},"Set_Total_Record_Count_Variable_":{"runAfter":{"Parse_JSON_2":["Succeeded"]},"metadata":{"operationMetadataId":"7a57ab88-6184-4448-8562-3358b01b9130"},"type":"SetVariable","inputs":{"name":"RecordCount","value":"@length(outputs('List_Records_2')?['body/result'])"}},"For_each_3":{"foreach":"@outputs('List_rows_of_DV_account')?['body/value']","actions":{"Set_Last_Inserted_Date_In_DV_Variable_":{"metadata":{"operationMetadataId":"958062bc-7d3f-42fb-9feb-c8daae544d0f"},"type":"SetVariable","inputs":{"name":"CreatedDate","value":"@{items('For_each_3')?['adx_createdbyusername']}"}}},"metadata":{"operationMetadataId":"d353cdf4-7967-40d8-8d66-7c563dec78bf"},"type":"Foreach","runtimeConfiguration":{"concurrency":{"repetitions":50}}}}},"expression":{"and":[{"equals":["@length(outputs('List_rows_of_DV_account')?['body/value'])",0]}]},"metadata":{"operationMetadataId":"b2c2ac51-490b-46cc-9d98-9f06343d8e03"},"type":"If"},"Do_until":{"actions":{"List_Records_1":{"metadata":{"operationMetadataId":"bfdea8fe-4641-41e1-8c06-424dec949a81"},"type":"OpenApiConnection","inputs":{"parameters":{"tableType":"customer_account","sysparm_display_value":false,"sysparm_exclude_reference_link":true,"sysparm_query":"sys_created_on>=@{variables('CreatedDate')}^ORDERBYsys_created_on","sysparm_limit":1000},"host":{"apiId":"/providers/Microsoft.PowerApps/apis/shared_service-now","connectionName":"shared_service-now","operationId":"GetRecords"},"authentication":{"value":"@json(decodeBase64(triggerOutputs().headers['X-MS-APIM-Tokens']))['$ConnectionKey']","type":"Raw"}}},"Condition_2":{"actions":{"For_each_1":{"foreach":"@outputs('List_Records_1')?['body/result']","actions":{"Add_a_new_row_1":{"metadata":{"operationMetadataId":"9ee6c489-9edb-44bb-81ef-18870cf95d67"},"type":"OpenApiConnection","inputs":{"parameters":{"entityName":"accounts","item/name":"@items('For_each_1')?['name']","item/address1_city":"@items('For_each_1')?['city']","item/address1_postalcode":"@items('For_each_1')?['zip']","item/telephone1":"@items('For_each_1')?['phone']","item/accountid":"@{items('For_each_1')?['sys_id']}","item/adx_createdbyusername":"@{items('For_each_1')?['sys_created_on']}","item/msdyn_source_crm":2,"item/msdyn_source_crm_id":"@{items('For_each_1')?['sys_id']}","item/msdyn_source_crm_url":"@{concat('https://',items('For_each_1')?['u_base_url'],'.service-now.com/now/cwf/agent/record/customer_account/',items('For_each_1')?['sys_id'])}"},"host":{"apiId":"/providers/Microsoft.PowerApps/apis/shared_commondataserviceforapps","connectionName":"shared_commondataserviceforapps-1","operationId":"CreateRecord"},"authentication":"@parameters('$authentication')"}},"List_Records_4":{"runAfter":{"Add_a_new_row_1":["Succeeded"]},"metadata":{"operationMetadataId":"f2f766bc-aca4-4945-a886-e20ef28ac6f1"},"type":"OpenApiConnection","inputs":{"parameters":{"tableType":"customer_contact","sysparm_display_value":false,"sysparm_exclude_reference_link":true,"sysparm_query":"account=@{items('For_each_1')?['sys_id']}^ORDERBYsys_created_on","sysparm_limit":1000},"host":{"apiId":"/providers/Microsoft.PowerApps/apis/shared_service-now","connectionName":"shared_service-now","operationId":"GetRecords"},"authentication":{"value":"@json(decodeBase64(triggerOutputs().headers['X-MS-APIM-Tokens']))['$ConnectionKey']","type":"Raw"}}},"Parse_JSON_4":{"runAfter":{"List_Records_4":["Succeeded"]},"metadata":{"operationMetadataId":"3633185f-1f5c-4de0-b48a-c54b3169185f"},"type":"ParseJson","inputs":{"content":"@outputs('List_Records_4')?['body/result']","schema":{"type":"array","items":{"type":"object","properties":{"first_name":{"type":["string","null"]},"last_name":{"type":["string","null"]},"email":{"type":["string","null"]},"mobile_phone":{"type":["string","null"]},"phone":{"type":["string","null"]},"account":{"type":["string","null"]},"sys_created_on":{"type":"string"},"u_base_url":{"type":"string"},"sys_id":{"type":"string"}},"required":["sys_id","first_name","last_name","email","mobile_phone","phone","account","sys_created_on","u_base_url"]}}}},"Condition_7":{"actions":{"For_each_5":{"foreach":"@outputs('List_Records_4')?['body/result']","actions":{"Add_a_new_row_4":{"metadata":{"operationMetadataId":"94d38b18-4513-4490-beae-27b189882a54"},"type":"OpenApiConnection","inputs":{"parameters":{"entityName":"contacts","item/lastname":"@items('For_each_5')?['last_name']","item/address1_city":"@{items('For_each_5')?['city']}","item/telephone1":"@{items('For_each_5')?['phone']}","item/parentcustomerid_account@odata.bind":"@body('Add_a_new_row_1')?['@odata.id']","item/emailaddress1":"@{items('For_each_5')?['email']}","item/mobilephone":"@{items('For_each_5')?['mobile_phone']}","item/contactid":"@{items('For_each_5')?['sys_id']}","item/adx_createdbyusername":"@{items('For_each_5')?['sys_created_on']}","item/msdyn_source_crm":2,"item/msdyn_source_crm_id":"@{items('For_each_5')?['sys_id']}","item/msdyn_source_crm_url":"@{concat('https://',items('For_each_5')?['u_base_url'],'.service-now.com/now/cwf/agent/record/customer_contact/',items('For_each_5')?['sys_id'])}"},"host":{"apiId":"/providers/Microsoft.PowerApps/apis/shared_commondataserviceforapps","connectionName":"shared_commondataserviceforapps-1","operationId":"CreateRecord"},"authentication":"@parameters('$authentication')"}}},"metadata":{"operationMetadataId":"77286448-679a-4d5a-9176-37bb067a229a"},"type":"Foreach","runtimeConfiguration":{"concurrency":{"repetitions":50}}},"Set_Contact_Last_Created_Date_Variable_5":{"runAfter":{"For_each_5":["Succeeded"]},"metadata":{"operationMetadataId":"0f126f2e-5399-481e-b9ad-d885c933740b"},"type":"SetVariable","inputs":{"name":"CreatedDateContact","value":"@{string(last(body('Parse_JSON_4'))?['sys_created_on'])}"}}},"runAfter":{"Increment_Contact_Total_Record_Count_Variable_3":["Succeeded"]},"else":{"actions":{"Set_Contact_Loop_Variable_5":{"metadata":{"operationMetadataId":"c7e8cdc1-5bb4-480b-afd8-f3df82752a60"},"type":"SetVariable","inputs":{"name":"pageSizeContact","value":0}}}},"expression":{"and":[{"greater":["@length(outputs('List_Records_4')?['body/result'])",0]}]},"metadata":{"operationMetadataId":"62497e54-e2dd-4c44-9e30-9195c68142b5"},"type":"If"},"Increment_variable_1":{"runAfter":{"Add_a_new_row_1":["Failed"]},"metadata":{"operationMetadataId":"ae459848-1182-4534-a194-101ae4fb6d1f"},"type":"IncrementVariable","inputs":{"name":"FailureRecordCount","value":1}},"Do_until_2":{"actions":{"List_Records_7":{"metadata":{"operationMetadataId":"5352f3f1-c62e-472e-aaab-837931986e53"},"type":"OpenApiConnection","inputs":{"parameters":{"tableType":"customer_contact","sysparm_display_value":false,"sysparm_exclude_reference_link":true,"sysparm_query":"(account=@{items('For_each_1')?['sys_id']}^sys_created_on>=@{variables('CreatedDateContact')})^ORDERBYsys_created_on","sysparm_limit":1000},"host":{"apiId":"/providers/Microsoft.PowerApps/apis/shared_service-now","connectionName":"shared_service-now","operationId":"GetRecords"},"authentication":{"value":"@json(decodeBase64(triggerOutputs().headers['X-MS-APIM-Tokens']))['$ConnectionKey']","type":"Raw"}}},"Parse_JSON_7":{"runAfter":{"List_Records_7":["Succeeded"]},"metadata":{"operationMetadataId":"31df1837-8fb6-4955-b2fa-80327a901c05"},"type":"ParseJson","inputs":{"content":"@outputs('List_Records_7')?['body/result']","schema":{"type":"array","items":{"type":"object","properties":{"first_name":{"type":["string","null"]},"last_name":{"type":["string","null"]},"email":{"type":["string","null"]},"mobile_phone":{"type":["string","null"]},"phone":{"type":["string","null"]},"account":{"type":["string","null"]},"sys_created_on":{"type":"string"},"u_base_url":{"type":"string"},"sys_id":{"type":"string"}},"required":["sys_id","first_name","last_name","email","mobile_phone","phone","account","sys_created_on","u_base_url"]}}}},"Condition_10":{"actions":{"For_each_8":{"foreach":"@outputs('List_Records_7')?['body/result']","actions":{"Add_a_new_row_7":{"metadata":{"operationMetadataId":"c7542fc3-cd9d-43b9-a32a-b74d874e33b3"},"type":"OpenApiConnection","inputs":{"parameters":{"entityName":"contacts","item/lastname":"@items('For_each_8')?['last_name']","item/telephone1":"@{items('For_each_8')?['phone']}","item/parentcustomerid_account@odata.bind":"@body('Add_a_new_row_1')?['@odata.id']","item/emailaddress1":"@{items('For_each_8')?['email']}","item/mobilephone":"@{items('For_each_8')?['mobile_phone']}","item/contactid":"@{items('For_each_8')?['sys_id']}","item/adx_createdbyusername":"@{items('For_each_8')?['sys_created_on']}","item/msdyn_source_crm":2,"item/msdyn_source_crm_id":"@{items('For_each_8')?['sys_id']}","item/msdyn_source_crm_url":"@{concat('https://',items('For_each_8')?['u_base_url'],'.service-now.com/now/cwf/agent/record/customer_contact/',items('For_each_8')?['sys_id'])}"},"host":{"apiId":"/providers/Microsoft.PowerApps/apis/shared_commondataserviceforapps","connectionName":"shared_commondataserviceforapps-1","operationId":"CreateRecord"},"authentication":"@parameters('$authentication')"}},"Increment_Failure_Count_Contact_Variable_2":{"runAfter":{"Add_a_new_row_7":["Failed"]},"metadata":{"operationMetadataId":"b43b1896-b649-43a8-a483-f947931b0863"},"type":"IncrementVariable","inputs":{"name":"FailureRecordCountContact","value":1}}},"metadata":{"operationMetadataId":"4aaa24f9-3f63-42b4-ab8c-e91d4f20e6a7"},"type":"Foreach"},"Set_Contact_Last_Created_Date_Variable_6":{"runAfter":{"For_each_8":["Succeeded"]},"metadata":{"operationMetadataId":"b6b2fb53-f6a9-43d1-823d-bc49013d78eb"},"type":"SetVariable","inputs":{"name":"CreatedDateContact","value":"@{string(last(body('Parse_JSON_7'))?['sys_created_on'])}"}},"Decrement_variable_1":{"runAfter":{"Set_Contact_Last_Created_Date_Variable_6":["Succeeded"]},"metadata":{"operationMetadataId":"4bfc2007-f9a0-4586-a8b9-572d6a42cbb9"},"type":"DecrementVariable","inputs":{"name":"TotalRecordCountContact","value":"@variables('FailureRecordCountContact')"}}},"runAfter":{"Increment_Contact_Total_Record_Count_Variable__4":["Succeeded"]},"else":{"actions":{"Set_Contact_Loop_Variable_6":{"metadata":{"operationMetadataId":"9949cb49-e952-4ed3-8002-25855434e204"},"type":"SetVariable","inputs":{"name":"pageSizeContact","value":0}}}},"expression":{"and":[{"greater":["@length(outputs('List_Records_7')?['body/result'])",0]}]},"metadata":{"operationMetadataId":"058855a0-161e-48e2-9bdc-39d112c11ab2"},"type":"If"},"Set_Contact_Record_Count_Variable_2":{"runAfter":{"Parse_JSON_7":["Succeeded"]},"metadata":{"operationMetadataId":"14ae0c77-3a2b-483d-92cd-ff0b6cf01067"},"type":"SetVariable","inputs":{"name":"RecordCountContact","value":"@length(outputs('List_Records_7')?['body/result'])"}},"Condition_13":{"actions":{"Reset_Contact_Loop_Variable_2":{"metadata":{"operationMetadataId":"4f3752d0-f2ca-431d-acb5-7fde7c7b5d9d"},"type":"SetVariable","inputs":{"name":"pageSizeContact","value":0}},"Reset_Contact_Failure_Count_Variable_2":{"runAfter":{"Reset_Contact_Loop_Variable_2":["Succeeded"]},"metadata":{"operationMetadataId":"01ef1209-714c-447d-a711-c753c3faea3c"},"type":"SetVariable","inputs":{"name":"FailureRecordCountContact","value":0}},"Reset_Record_Count_Contact_Variable_2":{"runAfter":{"Reset_Contact_Failure_Count_Variable_2":["Succeeded"]},"metadata":{"operationMetadataId":"559bb278-0c82-4c27-b418-fea1552b192a"},"type":"SetVariable","inputs":{"name":"RecordCountContact","value":0}}},"runAfter":{"Condition_10":["Succeeded","Failed"]},"else":{"actions":{"Set_variable_2":{"metadata":{"operationMetadataId":"d1306648-ff29-4435-9233-697030acbb33"},"type":"SetVariable","inputs":{"name":"FailureRecordCountContact","value":0}},"Set_variable_3":{"runAfter":{"Set_variable_2":["Succeeded"]},"metadata":{"operationMetadataId":"674e5117-044e-4211-9e4c-f30c96573f8f"},"type":"SetVariable","inputs":{"name":"RecordCountContact","value":0}}}},"expression":{"and":[{"equals":["@variables('RecordCountContact')","@variables('FailureRecordCountContact')"]}]},"metadata":{"operationMetadataId":"2841f601-62fd-4aeb-b9b4-688652b0ac91"},"type":"If"},"Increment_Contact_Total_Record_Count_Variable__4":{"runAfter":{"Set_Contact_Record_Count_Variable_2":["Succeeded"]},"metadata":{"operationMetadataId":"9b1e809d-0313-413f-a585-b9996edef8cb"},"type":"IncrementVariable","inputs":{"name":"TotalRecordCountContact","value":"@length(outputs('List_Records_7')?['body/result'])"}}},"runAfter":{"Condition_7":["Succeeded"]},"expression":"@equals(variables('pageSizeContact'),0)","limit":{"count":15,"timeout":"PT2H"},"metadata":{"operationMetadataId":"0a1e71bf-790d-49fd-bfce-708b7448c5bc"},"type":"Until"},"Increment_Contact_Total_Record_Count_Variable_3":{"runAfter":{"Parse_JSON_4":["Succeeded"]},"metadata":{"operationMetadataId":"213dc151-05a8-4123-9367-8553be97fbe5"},"type":"IncrementVariable","inputs":{"name":"TotalRecordCountContact","value":"@length(outputs('List_Records_4')?['body/result'])"}}},"metadata":{"operationMetadataId":"ca433e5b-aa8b-4842-8b08-2fa093d104eb"},"type":"Foreach","runtimeConfiguration":{"concurrency":{"repetitions":50}}},"Set_Account_Last_Created_Date_Variable_3":{"runAfter":{"Condition_5":["Succeeded"]},"metadata":{"operationMetadataId":"d53d23ad-46c1-42b4-a334-5e8b151759e4"},"type":"SetVariable","inputs":{"name":"CreatedDate","value":"@{String(last(body('Parse_JSON_1'))?['sys_created_on'])}"}},"Condition_5":{"actions":{"Set_variable_10":{"runAfter":{"Decrement_variable_2":["Succeeded"]},"metadata":{"operationMetadataId":"d21fc7c0-430b-4a87-a642-55c660ad56c2"},"type":"SetVariable","inputs":{"name":"pageSize","value":0}},"Set_variable_12":{"runAfter":{"Set_variable_10":["Succeeded"]},"metadata":{"operationMetadataId":"beec7bc5-4ede-4c97-83f1-4ad1fb0c5c45"},"type":"SetVariable","inputs":{"name":"FailureRecordCount","value":0}},"Set_variable_4":{"runAfter":{"Set_variable_12":["Succeeded"]},"metadata":{"operationMetadataId":"7edfd64b-7ac8-44ca-aa15-9cdb871e85e2"},"type":"SetVariable","inputs":{"name":"RecordCount","value":0}},"Decrement_variable_2":{"metadata":{"operationMetadataId":"c13c7374-ca9f-4a8a-823a-79d6ae4f27e6"},"type":"DecrementVariable","inputs":{"name":"TotalRecordCountAccount","value":"@variables('FailureRecordCount')"}}},"runAfter":{"For_each_1":["Succeeded","Failed"]},"else":{"actions":{"Set_variable_5":{"runAfter":{"Decrement_variable_3":["Succeeded"]},"metadata":{"operationMetadataId":"15cbc867-b60c-440b-98ab-ba8bb8a2c16d"},"type":"SetVariable","inputs":{"name":"FailureRecordCount","value":0}},"Set_variable_6":{"runAfter":{"Set_variable_5":["Succeeded"]},"metadata":{"operationMetadataId":"4e159335-0eb8-401c-a2d3-d321c5ad9c57"},"type":"SetVariable","inputs":{"name":"RecordCount","value":0}},"Decrement_variable_3":{"metadata":{"operationMetadataId":"227d07d9-8998-42d3-ad25-ff9f405630af"},"type":"DecrementVariable","inputs":{"name":"TotalRecordCountAccount","value":"@variables('FailureRecordCount')"}}}},"expression":{"and":[{"equals":["@variables('RecordCount')","@variables('FailureRecordCount')"]}]},"metadata":{"operationMetadataId":"1791f5a4-e307-41e2-8dda-f81b9a6002c1"},"type":"If"}},"runAfter":{"Increment_Account_Total_Record_Count_Variable_2":["Succeeded"]},"else":{"actions":{"Set_Account_Loop_Variable_3":{"metadata":{"operationMetadataId":"f9739c8b-fd92-42c9-aa55-ef85bd9b280b"},"type":"SetVariable","inputs":{"name":"pageSize","value":0}}}},"expression":{"and":[{"greater":["@length(outputs('List_Records_1')?['body/result'])",0]}]},"metadata":{"operationMetadataId":"8f6171ce-d3d5-44e8-9090-26fef11b49bb"},"type":"If"},"Parse_JSON_1":{"runAfter":{"List_Records_1":["Succeeded"]},"metadata":{"operationMetadataId":"e5d3e447-369e-4606-821a-b6a2837a992a"},"type":"ParseJson","inputs":{"content":"@outputs('List_Records_1')?['body/result']","schema":{"type":"array","items":{"type":"object","properties":{"name":{"type":"string"},"number":{"type":["string","null"]},"city":{"type":["string","null"]},"phone":{"type":["string","null"]},"zip":{"type":["string","null"]},"sys_created_on":{"type":"string"},"u_base_url":{"type":"string"},"sys_id":{"type":"string"}},"required":["sys_id","name","number","city","phone","zip","sys_created_on","u_base_url"]}}}},"Set_Total_Record_Count_Variable_2":{"runAfter":{"Parse_JSON_1":["Succeeded"]},"metadata":{"operationMetadataId":"820dface-2f7a-4b7d-b213-443871e784b6"},"type":"SetVariable","inputs":{"name":"RecordCount","value":"@length(outputs('List_Records_1')?['body/result'])"}},"Increment_Account_Total_Record_Count_Variable_2":{"runAfter":{"Set_Total_Record_Count_Variable_2":["Succeeded"]},"metadata":{"operationMetadataId":"a68dcdd6-7cab-47c9-bca4-a7e8baa3d6ae"},"type":"IncrementVariable","inputs":{"name":"TotalRecordCountAccount","value":"@length(outputs('List_Records_1')?['body/result'])"}}},"runAfter":{"Condition":["Succeeded"]},"expression":"@equals(variables('pageSize'),0)","limit":{"count":20,"timeout":"PT24H"},"metadata":{"operationMetadataId":"0f7c9642-47b3-48c0-8adc-c6b8c7a18a73"},"type":"Until"},"Initialize_Account_Loop_Variable":{"runAfter":{},"metadata":{"operationMetadataId":"9179f0f7-9359-40b3-a4cd-b60f7c725f77"},"type":"InitializeVariable","inputs":{"variables":[{"name":"pageSize","type":"integer","value":1}]}},"Initialize_Account_Last_Created_Date_Variable_":{"runAfter":{"Initialize_Account_Loop_Variable":["Succeeded"]},"metadata":{"operationMetadataId":"cc42dc03-3509-40dc-91f0-7b9aa6a2532e"},"type":"InitializeVariable","inputs":{"variables":[{"name":"CreatedDate","type":"string"}]}},"Initialize_SysId_Variable_":{"runAfter":{"Initialize_Account_Last_Created_Date_Variable_":["Succeeded"]},"metadata":{"operationMetadataId":"6e70bffd-f0bf-4f8b-8e16-afc921bc14c8"},"type":"InitializeVariable","inputs":{"variables":[{"name":"sysId","type":"string"}]}},"Initialize_Total_Record_Count_Variable_":{"runAfter":{"Initialize_SysId_Variable_":["Succeeded"]},"metadata":{"operationMetadataId":"7443a33c-9295-48a7-99c3-ed7263a597cb"},"type":"InitializeVariable","inputs":{"variables":[{"name":"RecordCount","type":"integer","value":0}]}},"Initialize_Failure_Record_Count_Variable":{"runAfter":{"Initialize_Total_Record_Count_Variable_":["Succeeded"]},"metadata":{"operationMetadataId":"7aa048ea-973f-443f-91fb-6932d03cf772"},"type":"InitializeVariable","inputs":{"variables":[{"name":"FailureRecordCount","type":"integer","value":0}]}},"Initialize_Contact_Last_Created_Date_Variable":{"runAfter":{"Initialize_Failure_Record_Count_Variable":["Succeeded"]},"metadata":{"operationMetadataId":"c2be4735-1ee1-409a-9679-2f68eb1504a1"},"type":"InitializeVariable","inputs":{"variables":[{"name":"CreatedDateContact","type":"string"}]}},"Initialize_Contact_Loop_Variable":{"runAfter":{"Initialize_Contact_Last_Created_Date_Variable":["Succeeded"]},"metadata":{"operationMetadataId":"dc6951bc-405b-48c3-8ff3-5fcda2cfbaab"},"type":"InitializeVariable","inputs":{"variables":[{"name":"pageSizeContact","type":"integer","value":1}]}},"Initialize_Record_Count_Contact_Variable":{"runAfter":{"Initialize_Contact_Loop_Variable":["Succeeded"]},"metadata":{"operationMetadataId":"88cf18c9-0f42-4104-83c8-2b8e1dd29379"},"type":"InitializeVariable","inputs":{"variables":[{"name":"RecordCountContact","type":"integer","value":0}]}},"Initialize_Failure_Record_Count_Contact_Variable_":{"runAfter":{"Initialize_Record_Count_Contact_Variable":["Succeeded"]},"metadata":{"operationMetadataId":"b45290bc-6a39-4219-babc-4777c1a2d123"},"type":"InitializeVariable","inputs":{"variables":[{"name":"FailureRecordCountContact","type":"integer","value":0}]}},"Initialize_Total_Record_Count_Contact_Variable":{"runAfter":{"Initialize_Failure_Record_Count_Contact_Variable_":["Succeeded"]},"metadata":{"operationMetadataId":"9a43d970-28fa-436e-a0d0-bf1e2b0697a2"},"type":"InitializeVariable","inputs":{"variables":[{"name":"TotalRecordCountContact","type":"integer","value":0}]}},"Initialize_Total_Record_Count_Account_Variable_":{"runAfter":{"Initialize_Total_Record_Count_Contact_Variable":["Succeeded"]},"metadata":{"operationMetadataId":"ed2c2374-e181-464c-8447-0be7831b2be8"},"type":"InitializeVariable","inputs":{"variables":[{"name":"TotalRecordCountAccount","type":"integer","value":0}]}},"Compose":{"runAfter":{"Do_until":["Succeeded"]},"metadata":{"operationMetadataId":"85ad6d25-d28b-43b2-a4ab-e51079eecf95"},"type":"Compose","inputs":"Total Account Records = @{variables('TotalRecordCountAccount')} And Total Contact Records = @{variables('TotalRecordCountContact')}"},"Initialize_variable":{"runAfter":{"Initialize_Total_Record_Count_Account_Variable_":["Succeeded"]},"metadata":{"operationMetadataId":"cc87ab08-f381-47fe-bcfd-26d39b0ddfca"},"type":"InitializeVariable","inputs":{"variables":[{"name":"ContactCount","type":"integer","value":0}]}}}},"connectionReferences":{"shared_commondataserviceforapps-1":{"connectionName":"733dda281d944806b0892d96fb621cee","source":"Embedded","id":"/providers/Microsoft.PowerApps/apis/shared_commondataserviceforapps","tier":"NotSpecified"},"shared_service-now":{"connectionName":"9c4d06f02b8b4209b1ecc1e0817283a9","source":"Invoker","id":"/providers/Microsoft.PowerApps/apis/shared_service-now","tier":"NotSpecified"}},"flowFailureAlertSubscribed":false,"isManaged":false}}