{"name":"6aab032b-c992-480e-a2c5-718a0522501f","id":"/providers/Microsoft.Flow/flows/6aab032b-c992-480e-a2c5-718a0522501f","type":"Microsoft.Flow/flows","properties":{"apiId":"/providers/Microsoft.PowerApps/apis/shared_logicflows","displayName":"ZendeskCreateOrgHttp","definition":{"metadata":{"workflowEntityId":null,"processAdvisorMetadata":null,"flowChargedByPaygo":null,"flowclientsuspensionreason":"None","flowclientsuspensiontime":null,"flowclientsuspensionreasondetails":null,"creator":{"id":"6be20863-8f79-475c-9287-6287c47233c1","type":"User","tenantId":"a4264b0f-3a4f-43ad-944e-1de64bb4b78f"},"provisioningMethod":"FromDefinition","failureAlertSubscription":true,"clientLastModifiedTime":"2024-06-20T10:50:12.5384495Z","connectionKeySavedTimeKey":"2024-06-20T10:50:12.5384495Z"},"$schema":"https://schema.management.azure.com/providers/Microsoft.Logic/schemas/2016-06-01/workflowdefinition.json#","contentVersion":"1.0.0.0","parameters":{"$authentication":{"defaultValue":{},"type":"SecureObject"},"$connections":{"defaultValue":{},"type":"Object"}},"triggers":{"manual":{"metadata":{},"type":"Request","kind":"Http","inputs":{"triggerAuthenticationType":"All"}}},"actions":{"Add_a_new_row":{"runAfter":{"HTTP":["Succeeded"]},"type":"OpenApiConnection","inputs":{"parameters":{"entityName":"accounts","item/name":"@{triggerBody()?['detail']?['name']}","item/adx_createdbyusername":"@{triggerBody()?['detail']?['created_at']}","item/crbb7_msdyn_source_crm":"Zendesk","item/crbb7_msdyn_source_crm_id":"@{triggerBody()?['detail']?['id']}","item/crbb7_msdyn_source_crm_url":"@{concat(substring(body('HTTP')?['organization']?['url'], 0, indexOf(body('HTTP')?['organization']?['url'],'/api')),'/agent/organizations/',body('HTTP')?['organization']?['id'])}"},"host":{"apiId":"/providers/Microsoft.PowerApps/apis/shared_commondataserviceforapps","connectionName":"shared_commondataserviceforapps-1","operationId":"CreateRecord"},"authentication":"@parameters('$authentication')"}},"HTTP":{"runAfter":{},"type":"Http","inputs":{"uri":"https://microsoft1804.zendesk.com/api/v2/organizations/@{triggerBody()?['detail']?['id']}.json","method":"GET","authentication":{"type":"Basic","username":"dummyUser@gmail.com","password":"dummyPass"}},"runtimeConfiguration":{"contentTransfer":{"transferMode":"Chunked"}}}},"outputs":{}},"connectionReferences":{"shared_commondataserviceforapps-1":{"connectionName":"3cf7c46807334094bfd31f238bd81af1","source":"Embedded","id":"/providers/Microsoft.PowerApps/apis/shared_commondataserviceforapps","tier":"NotSpecified"}},"flowFailureAlertSubscribed":false,"isManaged":false}}