{"name":"97aef9ae-59be-47af-8b75-56a46e343fc4","id":"/providers/Microsoft.Flow/flows/97aef9ae-59be-47af-8b75-56a46e343fc4","type":"Microsoft.Flow/flows","properties":{"apiId":"/providers/Microsoft.PowerApps/apis/shared_logicflows","displayName":"ZendeskCreateUserAPICall","definition":{"metadata":{"workflowEntityId":null,"processAdvisorMetadata":null,"flowChargedByPaygo":null,"flowclientsuspensionreason":"None","flowclientsuspensiontime":null,"flowclientsuspensionreasondetails":null,"creator":{"id":"767f248b-ec1f-48c5-82e4-15fb4a10d70d","type":"User","tenantId":"8f08bcba-e79b-4aec-ba55-e46e7343c5f5","userPrincipalName":"Auroraserviceaccount1@ccaasdev.onmicrosoft.com"},"provisioningMethod":"FromDefinition","failureAlertSubscription":true,"clientLastModifiedTime":"2024-06-21T10:29:42.8846552Z","connectionKeySavedTimeKey":"2024-06-21T10:29:42.8846552Z"},"$schema":"https://schema.management.azure.com/providers/Microsoft.Logic/schemas/2016-06-01/workflowdefinition.json#","contentVersion":"1.0.0.0","parameters":{"$authentication":{"defaultValue":{},"type":"SecureObject"},"$connections":{"defaultValue":{},"type":"Object"}},"triggers":{"manual":{"metadata":{},"type":"Request","kind":"Http","inputs":{"triggerAuthenticationType":"All"}}},"actions":{"HTTP":{"runAfter":{"Initialize_variable":["Succeeded"]},"type":"Http","inputs":{"uri":"https://microsoft1804.zendesk.com/api/v2/users/@{variables('contactId')}.json","method":"GET","authentication":{"type":"Basic","username":"dummyUser@gmail.com","password":"dummyPass"}},"runtimeConfiguration":{"contentTransfer":{"transferMode":"Chunked"}}},"Initialize_variable":{"runAfter":{},"type":"InitializeVariable","inputs":{"variables":[{"name":"contactId","type":"string","value":"@{triggerBody()?['detail']?['id']}"}]}},"Add_a_new_row":{"runAfter":{"HTTP":["Succeeded"]},"type":"OpenApiConnection","inputs":{"parameters":{"entityName":"contacts","item/lastname":"@{body('HTTP')?['user']?['name']}","item/emailaddress1":"@{body('HTTP')?['user']?['email']}","item/adx_createdbyusername":"@{body('HTTP')?['user']?['created_at']}","item/msdyn_source_crm":3,"item/msdyn_source_crm_id":"@{body('HTTP')?['user']?['id']}","item/msdyn_source_crm_url":"@{concat(substring(body('HTTP')?['user']?['url'], 0, indexOf(body('HTTP')?['user']?['url'],'/api')),'/agent/users/',body('HTTP')?['user']?['id'])}"},"host":{"apiId":"/providers/Microsoft.PowerApps/apis/shared_commondataserviceforapps","connectionName":"shared_commondataserviceforapps-1","operationId":"CreateRecord"},"authentication":"@parameters('$authentication')"}},"Terminate":{"runAfter":{"Add_a_new_row":["Succeeded"]},"type":"Terminate","inputs":{"runStatus":"Succeeded"}}},"outputs":{}},"connectionReferences":{"shared_commondataserviceforapps-1":{"connectionName":"0d54c95fc98f41538630a82f88452eb8","source":"Embedded","id":"/providers/Microsoft.PowerApps/apis/shared_commondataserviceforapps","tier":"NotSpecified"}},"flowFailureAlertSubscribed":false,"isManaged":false}}