{"name":"6561980a-174d-413b-b1c6-4015f5f1bc21","id":"/providers/Microsoft.Flow/flows/6561980a-174d-413b-b1c6-4015f5f1bc21","type":"Microsoft.Flow/flows","properties":{"apiId":"/providers/Microsoft.PowerApps/apis/shared_logicflows","displayName":"SNDeleteTriggerContactShare","definition":{"metadata":{"workflowEntityId":null,"processAdvisorMetadata":null,"flowChargedByPaygo":null,"flowclientsuspensionreason":"None","flowclientsuspensiontime":null,"flowclientsuspensionreasondetails":null,"creator":{"id":"6be20863-8f79-475c-9287-6287c47233c1","type":"User","tenantId":"a4264b0f-3a4f-43ad-944e-1de64bb4b78f","userPrincipalName":"globaladmin@CrmPerfBaseProd.onmicrosoft.com"},"provisioningMethod":"FromDefinition","failureAlertSubscription":true,"clientLastModifiedTime":"2024-06-24T10:18:25.8494935Z","connectionKeySavedTimeKey":"2024-06-24T10:18:25.8494935Z"},"$schema":"https://schema.management.azure.com/providers/Microsoft.Logic/schemas/2016-06-01/workflowdefinition.json#","contentVersion":"1.0.0.0","parameters":{"$authentication":{"defaultValue":{},"type":"SecureObject"},"$connections":{"defaultValue":{},"type":"Object"}},"triggers":{"manual":{"metadata":{},"type":"Request","kind":"Http","inputs":{"schema":{"type":"object","properties":{"first_name":{"type":["string","null"]},"last_name":{"type":["string","null"]},"email":{"type":["string","null"]},"mobile_phone":{"type":["string","null"]},"phone":{"type":["string","null"]},"account":{"type":["string","null"]},"sys_created_on":{"type":"string"},"sys_id":{"type":"string"}}},"triggerAuthenticationType":"All"}}},"actions":{"List_rows":{"runAfter":{},"type":"OpenApiConnection","inputs":{"parameters":{"entityName":"contacts","$select":"contactid","$filter":"msdyn_source_crm_id eq '@{triggerBody()?['sys_id']}' and (msdyn_source_crm eq 2)","$top":1},"host":{"apiId":"/providers/Microsoft.PowerApps/apis/shared_commondataserviceforapps","connectionName":"shared_commondataserviceforapps-1","operationId":"ListRecords"},"authentication":"@parameters('$authentication')"}},"Condition":{"actions":{"For_each_1":{"foreach":"@outputs('List_rows')?['body/value']","actions":{"Delete_a_row":{"type":"OpenApiConnection","inputs":{"parameters":{"entityName":"contacts","recordId":"@items('For_each_1')?['contactid']"},"host":{"apiId":"/providers/Microsoft.PowerApps/apis/shared_commondataserviceforapps","connectionName":"shared_commondataserviceforapps-1","operationId":"DeleteRecord"},"authentication":"@parameters('$authentication')"}}},"type":"Foreach"}},"runAfter":{"List_rows":["Succeeded"]},"else":{"actions":{}},"expression":{"and":[{"greater":["@length(outputs('List_rows')?['body/value'])",0]}]},"type":"If"}},"outputs":{}},"connectionReferences":{"shared_commondataserviceforapps-1":{"connectionName":"733dda281d944806b0892d96fb621cee","source":"Embedded","id":"/providers/Microsoft.PowerApps/apis/shared_commondataserviceforapps","tier":"NotSpecified"}},"flowFailureAlertSubscribed":false,"isManaged":false}}