{"name":"034b96ea-4b5f-4a0f-a794-61a7745440c6","id":"/providers/Microsoft.Flow/flows/034b96ea-4b5f-4a0f-a794-61a7745440c6","type":"Microsoft.Flow/flows","properties":{"apiId":"/providers/Microsoft.PowerApps/apis/shared_logicflows","displayName":"ZendeskUpdateUserAPICall","definition":{"metadata":{"workflowEntityId":null,"processAdvisorMetadata":null,"flowChargedByPaygo":null,"flowclientsuspensionreason":"None","flowclientsuspensiontime":null,"flowclientsuspensionreasondetails":null,"creator":{"id":"6be20863-8f79-475c-9287-6287c47233c1","type":"User","tenantId":"a4264b0f-3a4f-43ad-944e-1de64bb4b78f"},"provisioningMethod":"FromDefinition","failureAlertSubscription":true,"clientLastModifiedTime":"2024-06-14T13:25:30.6474136Z","connectionKeySavedTimeKey":"2024-06-14T13:25:30.6474136Z"},"$schema":"https://schema.management.azure.com/providers/Microsoft.Logic/schemas/2016-06-01/workflowdefinition.json#","contentVersion":"1.0.0.0","parameters":{"$authentication":{"defaultValue":{},"type":"SecureObject"},"$connections":{"defaultValue":{},"type":"Object"}},"triggers":{"manual":{"metadata":{},"type":"Request","kind":"Http","inputs":{"triggerAuthenticationType":"All"}}},"actions":{"Initialize_contactId":{"runAfter":{},"type":"InitializeVariable","inputs":{"variables":[{"name":"contactId","type":"string","value":"@{triggerBody()?['detail']?['id']}"}]}},"HTTP":{"runAfter":{"Initialize_accountNameOdata":["Succeeded"]},"type":"Http","inputs":{"uri":"https://microsoft1804.zendesk.com/api/v2/users/@{variables('contactId')}.json","method":"GET","authentication":{"type":"Basic","username":"dummy_user@gmail.com","password":"dummy_password@123"}},"runtimeConfiguration":{"contentTransfer":{"transferMode":"Chunked"}}},"Initialize_accountId":{"runAfter":{"List_Contacts":["Succeeded"]},"type":"InitializeVariable","inputs":{"variables":[{"name":"accountId","type":"string","value":"0"}]}},"Condition":{"actions":{"List_emptyAccount":{"type":"OpenApiConnection","inputs":{"parameters":{"entityName":"accounts","$filter":"name eq '-'","$top":1},"host":{"apiId":"/providers/Microsoft.PowerApps/apis/shared_commondataserviceforapps","connectionName":"shared_commondataserviceforapps-1","operationId":"ListRecords"},"authentication":"@parameters('$authentication')"}},"For_each_3":{"foreach":"@outputs('List_emptyAccount')?['body/value']","actions":{"For_each_4":{"foreach":"@outputs('List_Contacts')?['body/value']","actions":{"Update_deleltedOrganization":{"type":"OpenApiConnection","inputs":{"parameters":{"entityName":"contacts","recordId":"@items('For_each_4')?['contactid']","item/parentcustomerid_account@odata.bind":"@item()?['accountid']"},"host":{"apiId":"/providers/Microsoft.PowerApps/apis/shared_commondataserviceforapps","connectionName":"shared_commondataserviceforapps-1","operationId":"UpdateRecord"},"authentication":"@parameters('$authentication')"}}},"type":"Foreach"}},"runAfter":{"List_emptyAccount":["Succeeded"]},"type":"Foreach"}},"runAfter":{"Initialize_accountId":["Succeeded"]},"else":{"actions":{"Set_variable":{"type":"SetVariable","inputs":{"name":"accountId","value":"@{body('HTTP')?['user']?['organization_id']}"}},"List_Accounts":{"runAfter":{"Set_variable":["Succeeded"]},"type":"OpenApiConnection","inputs":{"parameters":{"entityName":"accounts","$filter":"crbb7_msdyn_source_crm_id eq '@{body('HTTP')?['user']?['organization_id']}'","$top":1},"host":{"apiId":"/providers/Microsoft.PowerApps/apis/shared_commondataserviceforapps","connectionName":"shared_commondataserviceforapps-1","operationId":"ListRecords"},"authentication":"@parameters('$authentication')"}},"Check_accountLength":{"actions":{"For_each_1":{"foreach":"@outputs('List_Contacts')?['body/value']","actions":{"Update_ContactWithNoOrg":{"type":"OpenApiConnection","inputs":{"parameters":{"entityName":"contacts","recordId":"@items('For_each_1')?['contactid']","item/telephone1":"@{body('HTTP')?['user']?['phone']}","item/emailaddress1":"@{body('HTTP')?['user']?['email']}","item/lastname":"@{body('HTTP')?['user']?['name']}","item/crbb7_updateddate":"@{body('HTTP')?['user']?['updated_at']}"},"host":{"apiId":"/providers/Microsoft.PowerApps/apis/shared_commondataserviceforapps","connectionName":"shared_commondataserviceforapps-1","operationId":"UpdateRecord"},"authentication":"@parameters('$authentication')"}}},"type":"Foreach"}},"runAfter":{"List_Accounts":["Succeeded"]},"else":{"actions":{"For_each":{"foreach":"@outputs('List_Contacts')?['body/value']","actions":{"For_each_2":{"foreach":"@outputs('List_Accounts')?['body/value']","actions":{"Update_ContactWithOrg":{"type":"OpenApiConnection","inputs":{"parameters":{"entityName":"contacts","recordId":"@items('For_each')?['contactid']","item/telephone1":"@{body('HTTP')?['user']?['phone']}","item/parentcustomerid_account@odata.bind":"@item()?['@odata.id']","item/emailaddress1":"@{body('HTTP')?['user']?['email']}","item/lastname":"@{body('HTTP')?['user']?['name']}","item/crbb7_updateddate":"@{body('HTTP')?['user']?['updated_at']}"},"host":{"apiId":"/providers/Microsoft.PowerApps/apis/shared_commondataserviceforapps","connectionName":"shared_commondataserviceforapps-1","operationId":"UpdateRecord"},"authentication":"@parameters('$authentication')"}}},"type":"Foreach"}},"type":"Foreach"}}},"expression":{"and":[{"equals":["@length(outputs('List_Accounts')?['body/value'])",0]}]},"type":"If"}}},"expression":{"and":[{"equals":["@triggerBody()?['type']","zen:event-type:user.organization_membership_deleted"]}]},"type":"If"},"Initialize_accountNameOdata":{"runAfter":{"Initialize_contactId":["Succeeded"]},"type":"InitializeVariable","inputs":{"variables":[{"name":"accountNameOData","type":"string"}]}},"List_Contacts":{"runAfter":{"HTTP":["Succeeded"]},"type":"OpenApiConnection","inputs":{"parameters":{"entityName":"contacts","$select":"contactid","$filter":"crbb7_msdyn_source_crm_id eq '@{variables('contactId')}'","$top":1},"host":{"apiId":"/providers/Microsoft.PowerApps/apis/shared_commondataserviceforapps","connectionName":"shared_commondataserviceforapps-1","operationId":"ListRecords"},"authentication":"@parameters('$authentication')"}}},"outputs":{}},"connectionReferences":{"shared_commondataserviceforapps-1":{"connectionName":"3cf7c46807334094bfd31f238bd81af1","source":"Embedded","id":"/providers/Microsoft.PowerApps/apis/shared_commondataserviceforapps","tier":"NotSpecified"}},"flowFailureAlertSubscribed":false,"isManaged":false}}